{
    "contractile" : {"f_max":1500,
		     "l_CEopt":0.2552835868056901, 
		     "delta_w_limb_desc":0.46911026148677926,
		     "delta_w_limb_asc":0.3287538789247837,
		     "limb_desc":6.268913133974097,
		     "limb_asc":3.5061872661510742,
		     "a_rel0":0.24695507837001096,
		     "b_rel0":2.3725017725855437, 
		     "s_eccentric": 7.53956000448464,
		     "c_eccentric":1.185252544279298},
    "parallel_elastic": { "L":0.9292938812496556,
			  "v":2.625216390705555,
			  "F":17.5596788744868},
    "serial_damping": {"d_se":0.9997764406809702,
		       "r_se":0.1},
    "serial_elastic": {"l":0.45879161390976636,
		       "delta_u_nll":0.042700142889960185,
		       "delta_u_l":0.01720377485875367,
		       "delta_f":1499.5759703926149 },
    "length": 0.68
}

